# Threads,# Cycles,# Instructions,IPC,Cache References,Cache misses,Cache Miss Rate,#Branches,Branch-Misses,Branch Miss Fraction,L1 Cache Load,L1 Cache Load Miss,L1 Cache Load Miss Rate,LL Cache Load,LL Cache Load Miss,LL Cache Load Miss Rate,SpeedUp
1,3233534246,1672552473,0.517252129,43665914,3463914,7.932764215,341089991,11468683,3.362362808,769164901,15548557,2.021485507,41143507,3406301,8.27907305,1
1,4573061806,2538851035,0.555175316,46824790,2900961,6.195352932,463028176,12305238,2.657557064,1054509356,18358909,1.740990622,45389320,3212025,7.076609652,1
1,7915854949,5938534114,0.750207546,74958039,3076205,4.103902718,859771676,17162858,1.996211143,2243138238,36508533,1.627565006,69189945,3118514,4.50717803,1
1,8.10759E+11,5938534114,0.007324656,2186673816,42419138,1.939893261,87704865705,913024426,1.041019126,2.48703E+11,967269723,0.388925953,2174059697,42548645,1.957105642,1
4,3233534246,1672552473,0.517252129,43665914,3463914,7.932764215,341089991,11468683,3.362362808,769164901,15548557,2.021485507,41143507,3406301,8.27907305,0.837606977
4,4573061806,2538851035,0.555175316,46824790,2900961,6.195352932,463028176,12305238,2.657557064,1054509356,18358909,1.740990622,45389320,3212025,7.076609652,1.114706119
4,7915854949,5938534114,0.750207546,74958039,3076205,4.103902718,859771676,17162858,1.996211143,2243138238,36508533,1.627565006,69189945,3118514,4.50717803,1.162309737
4,8.10759E+11,7.04103E+11,0.868448494,2186673816,42419138,1.939893261,87704865705,913024426,1.041019126,2.48703E+11,967269723,0.388925953,2174059697,42548645,1.957105642,2.442633122
8,3233534246,1672552473,0.517252129,43665914,3463914,7.932764215,341089991,11468683,3.362362808,769164901,15548557,2.021485507,41143507,3406301,8.27907305,1.396506957
8,4573061806,2538851035,0.555175316,46824790,2900961,6.195352932,463028176,12305238,2.657557064,1054509356,18358909,1.740990622,45389320,3212025,7.076609652,1.369942763
8,7915854949,5938534114,0.750207546,74958039,3076205,4.103902718,859771676,17162858,1.996211143,2243138238,36508533,1.627565006,69189945,3118514,4.50717803,1.173885378
8,8.10759E+11,7.04103E+11,0.868448494,2186673816,42419138,1.939893261,87704865705,913024426,1.041019126,2.48703E+11,967269723,0.388925953,2174059697,42548645,1.957105642,3.361290412
16,3233534246,1672552473,0.517252129,43665914,3463914,7.932764215,341089991,11468683,3.362362808,769164901,15548557,2.021485507,41143507,3406301,8.27907305,1.217258388
16,4573061806,2538851035,0.555175316,46824790,2900961,6.195352932,463028176,12305238,2.657557064,1054509356,18358909,1.740990622,45389320,3212025,7.076609652,1.8154381
16,7915854949,5938534114,0.750207546,74958039,3076205,4.103902718,859771676,17162858,1.996211143,2243138238,36508533,1.627565006,69189945,3118514,4.50717803,1.230774816
16,8.10759E+11,7.04103E+11,0.868448494,2186673816,42419138,1.939893261,87704865705,913024426,1.041019126,2.48703E+11,967269723,0.388925953,2174059697,42548645,1.957105642,3.792954557
32,3233534246,1672552473,0.517252129,43665914,3463914,7.932764215,341089991,11468683,3.362362808,769164901,15548557,2.021485507,41143507,3406301,8.27907305,1.288681879
32,4573061806,2538851035,0.555175316,46824790,2900961,6.195352932,463028176,12305238,2.657557064,1054509356,18358909,1.740990622,45389320,3212025,7.076609652,1.630229063
32,7915854949,5938534114,0.750207546,74958039,3076205,4.103902718,859771676,17162858,1.996211143,2243138238,36508533,1.627565006,69189945,3118514,4.50717803,1.617914076
32,8.10759E+11,7.04103E+11,0.868448494,2186673816,42419138,1.939893261,87704865705,913024426,1.041019126,2.48703E+11,967269723,0.388925953,2174059697,42548645,1.957105642,4.122624517
1,3858419746,2839855515,0.736015183,50590689,2463022,4.868528278,571119244,11791898,2.06469982,1205376677,23829598,1.976942018,46075483,2401502,5.212103799,1
1,5875492124,5112971556,0.870220136,75175074,2966012,3.945472671,683567980,14413016,2.108497826,1739664370,47213404,2.713937517,74913566,3130798,4.179213682,1
1,13678837438,14150157967,1.034456183,180182018,2957293,1.641280874,1594237179,24466406,1.534677921,4287286035,138834135,3.23827554,177216882,2986018,1.684951211,1
1,6.99558E+11,7.7705E+11,1.110773449,8545524538,57752684,0.675823745,75181431116,895120307,1.190613551,2.161E+11,7393929685,3.421528572,8547879917,57285598,0.670173172,1
4,3858419746,2839855515,0.736015183,50590689,2463022,4.868528278,571119244,11791898,2.06469982,1205376677,23829598,1.976942018,46075483,2401502,5.212103799,0.446842471
4,5875492124,5112971556,0.870220136,75175074,2966012,3.945472671,683567980,14413016,2.108497826,1739664370,47213404,2.713937517,74913566,3130798,4.179213682,1.423283017
4,13678837438,14150157967,1.034456183,180182018,2957293,1.641280874,1594237179,24466406,1.534677921,4287286035,138834135,3.23827554,177216882,2986018,1.684951211,1.740048062
4,6.99558E+11,7.7705E+11,1.110773449,8545524538,57752684,0.675823745,75181431116,895120307,1.190613551,2.161E+11,7393929685,3.421528572,8547879917,57285598,0.670173172,1.514250536
8,3858419746,2839855515,0.736015183,50590689,2463022,4.868528278,571119244,11791898,2.06469982,1205376677,23829598,1.976942018,46075483,2401502,5.212103799,0.190801815
8,5875492124,5112971556,0.870220136,75175074,2966012,3.945472671,683567980,14413016,2.108497826,1739664370,47213404,2.713937517,74913566,3130798,4.179213682,0.467142377
8,13678837438,14150157967,1.034456183,180182018,2957293,1.641280874,1594237179,24466406,1.534677921,4287286035,138834135,3.23827554,177216882,2986018,1.684951211,0.637862493
8,6.99558E+11,7.7705E+11,1.110773449,8545524538,57752684,0.675823745,75181431116,895120307,1.190613551,2.161E+11,7393929685,3.421528572,8547879917,57285598,0.670173172,1.167756186
16,3858419746,2839855515,0.736015183,50590689,2463022,4.868528278,571119244,11791898,2.06469982,1205376677,23829598,1.976942018,46075483,2401502,5.212103799,0.177758625
16,5875492124,5112971556,0.870220136,75175074,2966012,3.945472671,683567980,14413016,2.108497826,1739664370,47213404,2.713937517,74913566,3130798,4.179213682,0.473595657
16,13678837438,14150157967,1.034456183,180182018,2957293,1.641280874,1594237179,24466406,1.534677921,4287286035,138834135,3.23827554,177216882,2986018,1.684951211,0.65404509
16,6.99558E+11,7.7705E+11,1.110773449,8545524538,57752684,0.675823745,75181431116,895120307,1.190613551,2.161E+11,7393929685,3.421528572,8547879917,57285598,0.670173172,1.273812886
32,3858419746,2839855515,0.736015183,50590689,2463022,4.868528278,571119244,11791898,2.06469982,1205376677,23829598,1.976942018,46075483,2401502,5.212103799,0.351868726
32,5875492124,5112971556,0.870220136,75175074,2966012,3.945472671,683567980,14413016,2.108497826,1739664370,47213404,2.713937517,74913566,3130798,4.179213682,0.437041346
32,13678837438,14150157967,1.034456183,180182018,2957293,1.641280874,1594237179,24466406,1.534677921,4287286035,138834135,3.23827554,177216882,2986018,1.684951211,0.479948611
32,6.99558E+11,7.7705E+11,1.110773449,8545524538,57752684,0.675823745,75181431116,895120307,1.190613551,2.161E+11,7393929685,3.421528572,8547879917,57285598,0.670173172,1.311195168
1,7729224054,3073891489,0.397697294,104970867,16138284,15.37405993,670879256,30130729,4.49122979,1483588783,58418999,3.937681362,94545740,16226295,17.16237559,1
1,16582902303,5233108622,0.315572541,197848224,39911844,20.17296046,1153210632,55861323,4.843982656,2625467071,119591922,4.555072251,178709137,39311844,21.99766876,1
1,36105185859,9280689682,0.257045891,392927556,89084732,22.67205001,2020160892,108324534,5.362173599,4657942512,232931376,5.000735312,340222021,85899563,25.24809028,1
1,9.36129E+11,1.30834E+11,0.139761133,5949491857,2476197826,41.62032465,19344748719,1016374705,5.254008309,75218423374,3488026739,4.637197355,4432732141,2249508361,50.74767185,1
4,7729224054,3073891489,0.397697294,104970867,16138284,15.37405993,670879256,30130729,4.49122979,1483588783,58418999,3.937681362,94545740,16226295,17.16237559,0.836049538
4,16582902303,5233108622,0.315572541,197848224,39911844,20.17296046,1153210632,55861323,4.843982656,2625467071,119591922,4.555072251,178709137,39311844,21.99766876,0.923208664
4,36105185859,9280689682,0.257045891,392927556,89084732,22.67205001,2020160892,108324534,5.362173599,4657942512,232931376,5.000735312,340222021,85899563,25.24809028,0.899100849
4,9.36129E+11,1.30834E+11,0.139761133,5949491857,2476197826,41.62032465,19344748719,1016374705,5.254008309,75218423374,3488026739,4.637197355,4432732141,2249508361,50.74767185,0.898556802
8,7729224054,3073891489,0.397697294,104970867,16138284,15.37405993,670879256,30130729,4.49122979,1483588783,58418999,3.937681362,94545740,16226295,17.16237559,0.945652118
8,16582902303,5233108622,0.315572541,197848224,39911844,20.17296046,1153210632,55861323,4.843982656,2625467071,119591922,4.555072251,178709137,39311844,21.99766876,0.874021324
8,36105185859,9280689682,0.257045891,392927556,89084732,22.67205001,2020160892,108324534,5.362173599,4657942512,232931376,5.000735312,340222021,85899563,25.24809028,0.943238115
8,9.36129E+11,1.30834E+11,0.139761133,5949491857,2476197826,41.62032465,19344748719,1016374705,5.254008309,75218423374,3488026739,4.637197355,4432732141,2249508361,50.74767185,0.640405726
16,7729224054,3073891489,0.397697294,104970867,16138284,15.37405993,670879256,30130729,4.49122979,1483588783,58418999,3.937681362,94545740,16226295,17.16237559,0.92248228
16,16582902303,5233108622,0.315572541,197848224,39911844,20.17296046,1153210632,55861323,4.843982656,2625467071,119591922,4.555072251,178709137,39311844,21.99766876,0.880362449
16,36105185859,9280689682,0.257045891,392927556,89084732,22.67205001,2020160892,108324534,5.362173599,4657942512,232931376,5.000735312,340222021,85899563,25.24809028,0.801237136
16,9.36129E+11,1.30834E+11,0.139761133,5949491857,2476197826,41.62032465,19344748719,1016374705,5.254008309,75218423374,3488026739,4.637197355,4432732141,2249508361,50.74767185,0.697256648
32,7729224054,3073891489,0.397697294,104970867,16138284,15.37405993,670879256,30130729,4.49122979,1483588783,58418999,3.937681362,94545740,16226295,17.16237559,1.056238521
32,16582902303,5233108622,0.315572541,197848224,39911844,20.17296046,1153210632,55861323,4.843982656,2625467071,119591922,4.555072251,178709137,39311844,21.99766876,0.78644751
32,36105185859,9280689682,0.257045891,392927556,89084732,22.67205001,2020160892,108324534,5.362173599,4657942512,232931376,5.000735312,340222021,85899563,25.24809028,1.099050503
32,9.36129E+11,1.30834E+11,0.139761133,5949491857,2476197826,41.62032465,19344748719,1016374705,5.254008309,75218423374,3488026739,4.637197355,4432732141,2249508361,50.74767185,0.822311317
1,33005937358,29544167248,0.895116746,477132562,24987303,5.236972906,2455115984,90228809,3.675134274,13010417648,236949526,1.821229206,468310218,25842344,5.518210581,1
1,32236062718,29643751281,0.919583497,498668172,25896576,5.19314796,2437150140,89068895,3.654633071,13017400123,241943352,1.858615005,489721980,26253865,5.360973383,1
1,30999057594,29668778382,0.957086463,479123593,25356959,5.292362841,2504379059,89123533,3.558707803,13081322571,237607728,1.816389182,475052999,26648432,5.609570312,1
1,2.11283E+12,2.20309E+12,1.042721812,32531940126,1715799105,5.274198521,77947601500,1578036431,2.024483628,9.93903E+11,17849458213,1.795895972,32439418465,1704109995,5.253207596,1
4,33005937358,29544167248,0.895116746,477132562,24987303,5.236972906,2455115984,90228809,3.675134274,13010417648,236949526,1.821229206,468310218,25842344,5.518210581,1.098413514
4,32236062718,29643751281,0.919583497,498668172,25896576,5.19314796,2437150140,89068895,3.654633071,13017400123,241943352,1.858615005,489721980,26253865,5.360973383,1.169508704
4,30999057594,29668778382,0.957086463,479123593,25356959,5.292362841,2504379059,89123533,3.558707803,13081322571,237607728,1.816389182,475052999,26648432,5.609570312,0.980297838
4,2.11283E+12,2.20309E+12,1.042721812,32531940126,1715799105,5.274198521,77947601500,1578036431,2.024483628,9.93903E+11,17849458213,1.795895972,32439418465,1704109995,5.253207596,1.345602657
8,33005937358,29544167248,0.895116746,477132562,24987303,5.236972906,2455115984,90228809,3.675134274,13010417648,236949526,1.821229206,468310218,25842344,5.518210581,1.325925024
8,32236062718,29643751281,0.919583497,498668172,25896576,5.19314796,2437150140,89068895,3.654633071,13017400123,241943352,1.858615005,489721980,26253865,5.360973383,1.182756345
8,30999057594,29668778382,0.957086463,479123593,25356959,5.292362841,2504379059,89123533,3.558707803,13081322571,237607728,1.816389182,475052999,26648432,5.609570312,0.813231223
8,2.11283E+12,2.20309E+12,1.042721812,32531940126,1715799105,5.274198521,77947601500,1578036431,2.024483628,9.93903E+11,17849458213,1.795895972,32439418465,1704109995,5.253207596,1.476095783
16,33005937358,29544167248,0.895116746,477132562,24987303,5.236972906,2455115984,90228809,3.675134274,13010417648,236949526,1.821229206,468310218,25842344,5.518210581,1.169635826
16,32236062718,29643751281,0.919583497,498668172,25896576,5.19314796,2437150140,89068895,3.654633071,13017400123,241943352,1.858615005,489721980,26253865,5.360973383,1.140290837
16,30999057594,29668778382,0.957086463,479123593,25356959,5.292362841,2504379059,89123533,3.558707803,13081322571,237607728,1.816389182,475052999,26648432,5.609570312,1.190569901
16,2.11283E+12,2.20309E+12,1.042721812,32531940126,1715799105,5.274198521,77947601500,1578036431,2.024483628,9.93903E+11,17849458213,1.795895972,32439418465,1704109995,5.253207596,1.382720229
32,33005937358,29544167248,0.895116746,477132562,24987303,5.236972906,2455115984,90228809,3.675134274,13010417648,236949526,1.821229206,468310218,25842344,5.518210581,1.290016408
32,32236062718,29643751281,0.919583497,498668172,25896576,5.19314796,2437150140,89068895,3.654633071,13017400123,241943352,1.858615005,489721980,26253865,5.360973383,0.970284372
32,30999057594,29668778382,0.957086463,479123593,25356959,5.292362841,2504379059,89123533,3.558707803,13081322571,237607728,1.816389182,475052999,26648432,5.609570312,0.975579805
32,2.11283E+12,2.20309E+12,1.042721812,32531940126,1715799105,5.274198521,77947601500,1578036431,2.024483628,9.93903E+11,17849458213,1.795895972,32439418465,1704109995,5.253207596,1.601250191
1,5447991223,2883609809,0.529297807,61812852,3667123,5.932622232,493270223,26765077,5.42604758,1273872974,29116941,2.285702075,58563093,3837885,6.553419233,1
1,9918695125,6962543610,0.701961651,112220738,7512275,6.694194971,1107066541,58461593,5.280765955,2916638440,63049974,2.161734315,108017010,7174093,6.641632647,1
1,44005815110,26831989231,0.609737353,395329737,47411522,11.99290556,3809474139,210248746,5.519101543,10900271230,258482987,2.371344543,381381174,46777541,12.26529892,1
1,2.21551E+12,1.7218E+12,0.777156678,19156284297,1188306466,6.203220038,2.63802E+11,15725941709,5.961257111,6.47713E+11,13125082466,2.026371759,19146705056,1181247910,6.169457912,1
4,5447991223,2883609809,0.529297807,61812852,3667123,5.932622232,493270223,26765077,5.42604758,1273872974,29116941,2.285702075,58563093,3837885,6.553419233,1.69110274
4,9918695125,6962543610,0.701961651,112220738,7512275,6.694194971,1107066541,58461593,5.280765955,2916638440,63049974,2.161734315,108017010,7174093,6.641632647,1.375238816
4,44005815110,26831989231,0.609737353,395329737,47411522,11.99290556,3809474139,210248746,5.519101543,10900271230,258482987,2.371344543,381381174,46777541,12.26529892,1.529184313
4,2.21551E+12,1.7218E+12,0.777156678,19156284297,1188306466,6.203220038,2.63802E+11,15725941709,5.961257111,6.47713E+11,13125082466,2.026371759,19146705056,1181247910,6.169457912,2.729927178
8,5447991223,2883609809,0.529297807,61812852,3667123,5.932622232,493270223,26765077,5.42604758,1273872974,29116941,2.285702075,58563093,3837885,6.553419233,2.03524943
8,9918695125,6962543610,0.701961651,112220738,7512275,6.694194971,1107066541,58461593,5.280765955,2916638440,63049974,2.161734315,108017010,7174093,6.641632647,1.390101991
8,44005815110,26831989231,0.609737353,395329737,47411522,11.99290556,3809474139,210248746,5.519101543,10900271230,258482987,2.371344543,381381174,46777541,12.26529892,1.569851876
8,2.21551E+12,1.7218E+12,0.777156678,19156284297,1188306466,6.203220038,2.63802E+11,15725941709,5.961257111,6.47713E+11,13125082466,2.026371759,19146705056,1181247910,6.169457912,4.500497073
16,5447991223,2883609809,0.529297807,61812852,3667123,5.932622232,493270223,26765077,5.42604758,1273872974,29116941,2.285702075,58563093,3837885,6.553419233,1.70259471
16,9918695125,6962543610,0.701961651,112220738,7512275,6.694194971,1107066541,58461593,5.280765955,2916638440,63049974,2.161734315,108017010,7174093,6.641632647,1.152555524
16,44005815110,26831989231,0.609737353,395329737,47411522,11.99290556,3809474139,210248746,5.519101543,10900271230,258482987,2.371344543,381381174,46777541,12.26529892,1.422121043
16,2.21551E+12,1.7218E+12,0.777156678,19156284297,1188306466,6.203220038,2.63802E+11,15725941709,5.961257111,6.47713E+11,13125082466,2.026371759,19146705056,1181247910,6.169457912,6.176932637
32,5447991223,2883609809,0.529297807,61812852,3667123,5.932622232,493270223,26765077,5.42604758,1273872974,29116941,2.285702075,58563093,3837885,6.553419233,1.580481259
32,9918695125,6962543610,0.701961651,112220738,7512275,6.694194971,1107066541,58461593,5.280765955,2916638440,63049974,2.161734315,108017010,7174093,6.641632647,1.163048814
32,44005815110,26831989231,0.609737353,395329737,47411522,11.99290556,3809474139,210248746,5.519101543,10900271230,258482987,2.371344543,381381174,46777541,12.26529892,1.385161598
32,2.21551E+12,1.7218E+12,0.777156678,19156284297,1188306466,6.203220038,2.63802E+11,15725941709,5.961257111,6.47713E+11,13125082466,2.026371759,19146705056,1181247910,6.169457912,5.971958371
1,4283188660,2812441543,0.656623317,45410247,3971025,8.744777363,481393536,21466923,4.4593293,1176462370,17379847,1.477297315,42115028,3955355,9.391790028,1
1,7351258122,5230861223,0.711559999,57820212,4478418,7.745419543,1062937684,33814453,3.181226285,2322636888,32687549,1.407346502,58375735,4419119,7.570129952,1
1,13048444524,11040775897,0.846137321,64686471,7786664,12.03754646,1635936792,77771452,4.753939906,4281054332,38750618,0.905165293,65195405,7910363,12.13331369,1
1,1.93792E+12,1.68034E+12,0.867084441,3807968631,849796871,22.31627814,2.14898E+11,13949187761,6.491082157,6.27943E+11,3375673633,0.537576738,3812744613,856621860,22.46732858,1
4,4283188660,2812441543,0.656623317,45410247,3971025,8.744777363,481393536,21466923,4.4593293,1176462370,17379847,1.477297315,42115028,3955355,9.391790028,0.998708945
4,7351258122,5230861223,0.711559999,57820212,4478418,7.745419543,1062937684,33814453,3.181226285,2322636888,32687549,1.407346502,58375735,4419119,7.570129952,0.732334027
4,13048444524,11040775897,0.846137321,64686471,7786664,12.03754646,1635936792,77771452,4.753939906,4281054332,38750618,0.905165293,65195405,7910363,12.13331369,1.003350982
4,1.93792E+12,1.68034E+12,0.867084441,3807968631,849796871,22.31627814,2.14898E+11,13949187761,6.491082157,6.27943E+11,3375673633,0.537576738,3812744613,856621860,22.46732858,1.864530931
8,4283188660,2812441543,0.656623317,45410247,3971025,8.744777363,481393536,21466923,4.4593293,1176462370,17379847,1.477297315,42115028,3955355,9.391790028,0.965958863
8,7351258122,5230861223,0.711559999,57820212,4478418,7.745419543,1062937684,33814453,3.181226285,2322636888,32687549,1.407346502,58375735,4419119,7.570129952,1.096144941
8,13048444524,11040775897,0.846137321,64686471,7786664,12.03754646,1635936792,77771452,4.753939906,4281054332,38750618,0.905165293,65195405,7910363,12.13331369,1.191503388
8,1.93792E+12,1.68034E+12,0.867084441,3807968631,849796871,22.31627814,2.14898E+11,13949187761,6.491082157,6.27943E+11,3375673633,0.537576738,3812744613,856621860,22.46732858,1.879019374
16,4283188660,2812441543,0.656623317,45410247,3971025,8.744777363,481393536,21466923,4.4593293,1176462370,17379847,1.477297315,42115028,3955355,9.391790028,0.97263145
16,7351258122,5230861223,0.711559999,57820212,4478418,7.745419543,1062937684,33814453,3.181226285,2322636888,32687549,1.407346502,58375735,4419119,7.570129952,0.97462901
16,13048444524,11040775897,0.846137321,64686471,7786664,12.03754646,1635936792,77771452,4.753939906,4281054332,38750618,0.905165293,65195405,7910363,12.13331369,0.982177447
16,1.93792E+12,1.68034E+12,0.867084441,3807968631,849796871,22.31627814,2.14898E+11,13949187761,6.491082157,6.27943E+11,3375673633,0.537576738,3812744613,856621860,22.46732858,2.266152573
32,4283188660,2812441543,0.656623317,45410247,3971025,8.744777363,481393536,21466923,4.4593293,1176462370,17379847,1.477297315,42115028,3955355,9.391790028,0.983407611
32,7351258122,5230861223,0.711559999,57820212,4478418,7.745419543,1062937684,33814453,3.181226285,2322636888,32687549,1.407346502,58375735,4419119,7.570129952,0.770343956
32,13048444524,11040775897,0.846137321,64686471,7786664,12.03754646,1635936792,77771452,4.753939906,4281054332,38750618,0.905165293,65195405,7910363,12.13331369,0.892389494
32,1.93792E+12,1.68034E+12,0.867084441,3807968631,849796871,22.31627814,2.14898E+11,13949187761,6.491082157,6.27943E+11,3375673633,0.537576738,3812744613,856621860,22.46732858,2.320733638
1,3862464207,2377933562,0.615651935,62100457,3272675,5.269969269,415865542,11720101,2.818242873,1098315346,30844186,2.808317858,58270250,3166093,5.433463903,1
1,8261086870,5695100231,0.689388736,121668533,16398091,13.47767627,537819921,12678967,2.357474408,2574437680,56039937,2.176783592,117325572,16859800,14.37009828,1
1,28293441699,20496727943,0.724433887,377670512,72364233,19.16067861,1104936510,16038505,67762796.2,9676610897,109874752,1.135467295,379352958,74203858,19.56063777,1
1,1.40123E+12,1.04158E+12,0.743336374,18234460408,3895223064,21.36187733,43569017868,217712343,33934004.28,4.63318E+11,5106946562,1.102254823,18253383223,3908902148,21.41467201,1
4,3862464207,2377933562,0.615651935,62100457,3272675,5.269969269,415865542,11720101,2.818242873,1098315346,30844186,2.808317858,58270250,3166093,5.433463903,2.29792582
4,8261086870,5695100231,0.689388736,121668533,16398091,13.47767627,537819921,12678967,2.357474408,2574437680,56039937,2.176783592,117325572,16859800,14.37009828,0.373132101
4,28293441699,20496727943,0.724433887,377670512,72364233,19.16067861,1104936510,16038505,25935450.54,9676610897,109874752,1.135467295,379352958,74203858,19.56063777,0.382738789
4,1.40123E+12,1.04158E+12,0.743336374,18234460408,3895223064,21.36187733,43569017868,217712343,27738213.99,4.63318E+11,5106946562,1.102254823,18253383223,3908902148,21.41467201,0.81741647
8,3862464207,2377933562,0.615651935,62100457,3272675,5.269969269,415865542,11720101,2.818242873,1098315346,30844186,2.808317858,58270250,3166093,5.433463903,0.46936286
8,8261086870,5695100231,0.689388736,121668533,16398091,13.47767627,537819921,12678967,2.357474408,2574437680,56039937,2.176783592,117325572,16859800,14.37009828,0.201273595
8,28293441699,20496727943,0.724433887,377670512,72364233,19.16067861,1104936510,16038505,17930864.11,9676610897,109874752,1.135467295,379352958,74203858,19.56063777,0.264612223
8,1.40123E+12,1.04158E+12,0.743336374,18234460408,3895223064,21.36187733,43569017868,217712343,20116218.53,4.63318E+11,5106946562,1.102254823,18253383223,3908902148,21.41467201,0.592804149
16,3862464207,2377933562,0.615651935,62100457,3272675,5.269969269,415865542,11720101,2.818242873,1098315346,30844186,2.808317858,58270250,3166093,5.433463903,0.292589907
16,8261086870,5695100231,0.689388736,121668533,16398091,13.47767627,537819921,12678967,2.357474408,2574437680,56039937,2.176783592,117325572,16859800,14.37009828,0.193873367
16,28293441699,20496727943,0.724433887,377670512,72364233,19.16067861,1104936510,16038505,17399161.94,9676610897,109874752,1.135467295,379352958,74203858,19.56063777,0.256765702
16,1.40123E+12,1.04158E+12,0.743336374,18234460408,3895223064,21.36187733,43569017868,217712343,23339804.39,4.63318E+11,5106946562,1.102254823,18253383223,3908902148,21.41467201,0.68779989
32,3862464207,2377933562,0.615651935,62100457,3272675,5.269969269,415865542,11720101,2.818242873,1098315346,30844186,2.808317858,58270250,3166093,5.433463903,0.164324397
32,8261086870,5695100231,0.689388736,121668533,16398091,13.47767627,537819921,12678967,2.357474408,2574437680,56039937,2.176783592,117325572,16859800,14.37009828,0.130727844
32,28293441699,20496727943,0.724433887,377670512,72364233,19.16067861,1104936510,16038505,12921219.44,9676610897,109874752,1.135467295,379352958,74203858,19.56063777,0.190683091
32,1.40123E+12,1.04158E+12,0.743336374,18234460408,3895223064,21.36187733,43569017868,217712343,29951091.33,4.63318E+11,5106946562,1.102254823,18253383223,3908902148,21.41467201,0.882627676
1,6149890312,3862433803,0.628049218,59176943,3340556,5.645029687,838437715,16350270,153929055.7,1776479835,26818635,1.509650404,54789204,3129942,5.712698436,1
1,10605927297,8266561228,0.779428427,114346488,3135936,2.742485628,1247372755,33131649,288559182,3634807667,61589167,1.694427124,110401825,3124761,2.830352669,1
1,30899718657,29173058430,0.94412052,312601593,2176565,0.696274443,4090690407,93319205,629774785.6,12711734788,206772578,1.626627533,12784622,1511308,11.82129593,1
1,1.79425E+12,1.39849E+12,0.779426233,14525534581,12903465,0.088832978,1.8939E+11,4488972378,409726814.2,5.9575E+11,9266047156,1.55535718,310292505,2047935,0.66000144,1
4,6149890312,3862433803,0.628049218,59176943,3340556,5.645029687,838437715,16350270,178520211.6,1776479835,26818635,1.509650404,54789204,3129942,5.712698436,1.159756427
4,10605927297,8266561228,0.779428427,114346488,3135936,2.742485628,1247372755,33131649,340198153.7,3634807667,61589167,1.694427124,110401825,3124761,2.830352669,1.178954526
4,1244289356,588791188,0.473194748,14594560,1514760,10.37893571,130143101,4440136,26066400.29,283478000,4243941,1.497097129,12784622,1511308,11.82129593,0.869902441
4,1.79425E+12,1.39849E+12,0.779426233,14525534581,12903465,0.088832978,1.8939E+11,4488972378,1692436679,5.9575E+11,9266047156,1.55535718,14565969127,12642040,0.086791616,4.130646617
8,6149890312,3862433803,0.628049218,59176943,3340556,5.645029687,838437715,16350270,229545241.4,1776479835,26818635,1.509650404,54789204,3129942,5.712698436,1.491240496
8,10605927297,8266561228,0.779428427,114346488,3135936,2.742485628,1247372755,33131649,422144853.6,3634807667,61589167,1.694427124,110401825,3124761,2.830352669,1.462940291
8,1244289356,588791188,0.473194748,14594560,1514760,10.37893571,130143101,4440136,35257304.98,283478000,4243941,1.497097129,12784622,1511308,11.82129593,1.176626435
8,1.79425E+12,1.39849E+12,0.779426233,14525534581,12903465,0.088832978,1.8939E+11,4488972378,2111394003,5.9575E+11,9266047156,1.55535718,14565969127,12642040,0.086791616,5.153175067
16,6149890312,3862433803,0.628049218,59176943,3340556,5.645029687,838437715,16350270,174461971.4,1776479835,26818635,1.509650404,54789204,3129942,5.712698436,1.133392072
16,10605927297,8266561228,0.779428427,114346488,3135936,2.742485628,1247372755,33131649,312212174.5,3634807667,61589167,1.694427124,110401825,3124761,2.830352669,1.081969294
16,1244289356,588791188,0.473194748,14594560,1514760,10.37893571,130143101,4440136,43113678.1,283478000,4243941,1.497097129,12784622,1511308,11.82129593,1.438813698
16,1.79425E+12,1.39849E+12,0.779426233,14525534581,12903465,0.088832978,1.8939E+11,4488972378,4468530026,5.9575E+11,9266047156,1.55535718,14565969127,12642040,0.086791616,10.90612054
32,6149890312,3862433803,0.628049218,59176943,3340556,5.645029687,838437715,16350270,187046138.3,1776479835,26818635,1.509650404,54789204,3129942,5.712698436,1.215145104
32,10605927297,8266561228,0.779428427,114346488,3135936,2.742485628,1247372755,33131649,380455130.1,3634807667,61589167,1.694427124,110401825,3124761,2.830352669,1.318464821
32,1244289356,588791188,0.473194748,14594560,1514760,10.37893571,130143101,4440136,36691256.4,283478000,4243941,1.497097129,12784622,1511308,11.82129593,1.224481061
32,1.79425E+12,1.39849E+12,0.779426233,14525534581,12903465,0.088832978,1.8939E+11,4488972378,5190799719,5.9575E+11,9266047156,1.55535718,14565969127,12642040,0.086791616,12.66892851
1,5906717049,5070873955,0.858492783,64819207,3837944,5.920998077,707370613,12307974,122480361.6,1665688470,29919627,1.796231861,64117796,3923337,6.118951749,1
1,12767220326,13081265878,1.024597802,122111264,5818899,4.765243442,1563035812,16415545,121380833.2,3703203041,62751686,1.694524586,119340201,5309075,4.448689507,1
1,28281945222,34292082981,1.212507934,232703464,8640682,3.713172916,3844463232,24381443,99314105.29,9021470385,110631750,1.226316169,228844061,8976698,3.922626596,1
1,6.13104E+11,7.6748E+11,1.251794174,4090934496,125382624,3.064889553,83085527048,287022437,81091216.13,1.94614E+11,1802549569,0.926218979,4009549534,118796120,2.96282959,1
4,5906717049,5070873955,0.858492783,64819207,3837944,5.920998077,707370613,12307974,122468679.4,1665688470,29919627,1.796231861,64117796,3923337,6.118951749,0.99990462
4,12767220326,13081265878,1.024597802,122111264,5818899,4.765243442,1563035812,16415545,159275518.1,3703203041,62751686,1.694524586,119340201,5309075,4.448689507,1.312196612
4,28281945222,34292082981,1.212507934,232703464,8640682,3.713172916,3844463232,24381443,182257187.8,9021470385,110631750,1.226316169,228844061,8976698,3.922626596,1.835159138
4,6.13104E+11,7.6748E+11,1.251794174,4090934496,125382624,3.064889553,83085527048,287022437,227604469.4,1.94614E+11,1802549569,0.926218979,4009549534,118796120,2.96282959,2.806770947
8,5906717049,5070873955,0.858492783,64819207,3837944,5.920998077,707370613,12307974,180116429.8,1665688470,29919627,1.796231861,64117796,3923337,6.118951749,1.470573956
8,12767220326,13081265878,1.024597802,122111264,5818899,4.765243442,1563035812,16415545,194859697.4,3703203041,62751686,1.694524586,119340201,5309075,4.448689507,1.605358048
8,28281945222,34292082981,1.212507934,232703464,8640682,3.713172916,3844463232,24381443,178495635.2,9021470385,110631750,1.226316169,228844061,8976698,3.922626596,1.797283827
8,6.13104E+11,7.6748E+11,1.251794174,4090934496,125382624,3.064889553,83085527048,287022437,238415631.4,1.94614E+11,1802549569,0.926218979,4009549534,118796120,2.96282959,2.940091946
16,5906717049,5070873955,0.858492783,64819207,3837944,5.920998077,707370613,12307974,160389528.2,1665688470,29919627,1.796231861,64117796,3923337,6.118951749,1.309512204
16,12767220326,13081265878,1.024597802,122111264,5818899,4.765243442,1563035812,16415545,139854133.1,3703203041,62751686,1.694524586,119340201,5309075,4.448689507,1.152192891
16,28281945222,34292082981,1.212507934,232703464,8640682,3.713172916,3844463232,24381443,90420508.29,9021470385,110631750,1.226316169,228844061,8976698,3.922626596,0.91044981
16,6.13104E+11,7.6748E+11,1.251794174,4090934496,125382624,3.064889553,83085527048,287022437,373393974.9,1.94614E+11,1802549569,0.926218979,4009549534,118796120,2.96282959,4.604616786
32,5906717049,5070873955,0.858492783,64819207,3837944,5.920998077,707370613,12307974,112329564.3,1665688470,29919627,1.796231861,64117796,3923337,6.118951749,0.917123062
32,12767220326,13081265878,1.024597802,122111264,5818899,4.765243442,1563035812,16415545,138626183.2,3703203041,62751686,1.694524586,119340201,5309075,4.448689507,1.142076385
32,28281945222,34292082981,1.212507934,232703464,8640682,3.713172916,3844463232,24381443,187816530.6,9021470385,110631750,1.226316169,228844061,8976698,3.922626596,1.891136512
32,6.13104E+11,7.6748E+11,1.251794174,4090934496,125382624,3.064889553,83085527048,287022437,412844661.3,1.94614E+11,1802549569,0.926218979,4009549534,118796120,2.96282959,5.091114438
1,4509674594,1927335565,0.427377968,58348354,4454237,7.633869158,359758949,15843940,163872164.8,941409790,24423836,2.594389421,55440820,4477151,8.075549748,1
1,7288156213,5524364383,0.757992038,143954680,143954680,100,580660669,34194659,305511964.8,2537827569,76042388,2.996357551,143437183,6320139,4.406206862,1
1,15272771715,14396570161,0.942629827,354925495,14626864,4.121108291,1120606535,69395157,410525387.2,6322966681,213602347,3.378198206,342420444,14631329,4.272913389,1
1,4.5556E+11,4.30618E+11,0.945251053,11648383803,718203440,6.165691757,24986135231,1760319730,658444929.9,1.90319E+11,7864109843,4.132072233,11594125685,719804256,6.208353054,1
4,4509674594,1927335565,0.427377968,58348354,4454237,7.633869158,359758949,15843940,159375032.7,941409790,24423836,2.594389421,55440820,4477151,8.075549748,0.972557071
4,7288156213,5524364383,0.757992038,143954680,143954680,100,580660669,34194659,275578937.6,2537827569,76042388,2.996357551,143437183,6320139,4.406206862,0.902023388
4,15272771715,14396570161,0.942629827,354925495,14626864,4.121108291,1120606535,69395157,439816134.8,6322966681,213602347,3.378198206,342420444,14631329,4.272913389,1.071349418
4,4.5556E+11,4.30618E+11,0.945251053,11648383803,718203440,6.165691757,24986135231,1760319730,1158024381,1.90319E+11,7864109843,4.132072233,11594125685,719804256,6.208353054,1.758726247
8,4509674594,1927335565,0.427377968,58348354,4454237,7.633869158,359758949,15843940,118085525.8,941409790,24423836,2.594389421,55440820,4477151,8.075549748,0.720595386
8,7288156213,5524364383,0.757992038,143954680,143954680,100,580660669,34194659,366400553.6,2537827569,76042388,2.996357551,143437183,6320139,4.406206862,1.199300178
8,15272771715,14396570161,0.942629827,354925495,14626864,4.121108291,1120606535,69395157,446848652.5,6322966681,213602347,3.378198206,342420444,14631329,4.272913389,1.088479949
8,4.5556E+11,4.30618E+11,0.945251053,11648383803,718203440,6.165691757,24986135231,1760319730,1383456804,1.90319E+11,7864109843,4.132072233,11594125685,719804256,6.208353054,2.101097208
16,4509674594,1927335565,0.427377968,58348354,4454237,7.633869158,359758949,15843940,181083689.5,941409790,24423836,2.594389421,55440820,4477151,8.075549748,1.105030191
16,7288156213,5524364383,0.757992038,143954680,143954680,100,580660669,34194659,303594077.4,2537827569,76042388,2.996357551,143437183,6320139,4.406206862,0.993722382
16,15272771715,14396570161,0.942629827,354925495,14626864,4.121108291,1120606535,69395157,407703176.8,6322966681,213602347,3.378198206,342420444,14631329,4.272913389,0.993125369
16,4.5556E+11,4.30618E+11,0.945251053,11648383803,718203440,6.165691757,24986135231,1760319730,1613337449,1.90319E+11,7864109843,4.132072233,11594125685,719804256,6.208353054,2.450223816
32,4509674594,1927335565,0.427377968,58348354,4454237,7.633869158,359758949,15843940,111465186.6,941409790,24423836,2.594389421,55440820,4477151,8.075549748,0.680195973
32,7288156213,5524364383,0.757992038,143954680,143954680,100,580660669,34194659,270111942.3,2537827569,76042388,2.996357551,143437183,6320139,4.406206862,0.884128851
32,15272771715,14396570161,0.942629827,354925495,14626864,4.121108291,1120606535,69395157,488806580.4,6322966681,213602347,3.378198206,342420444,14631329,4.272913389,1.190685389
32,4.5556E+11,4.30618E+11,0.945251053,11648383803,718203440,6.165691757,24986135231,1760319730,1782561832,1.90319E+11,7864109843,4.132072233,11594125685,719804256,6.208353054,2.707229946